id,group,time,score
1,Control,t1,2.474176185
2,Control,t1,2.496671623
3,Control,t1,2.281721781
4,Control,t1,1.960109111
5,Control,t1,1.488896041
6,Control,t1,2.053310902
7,Control,t1,2.051046349
8,Control,t1,2.053310902
1,Y_glucan,t1,1.427843006
2,Y_glucan,t1,1.191353189
3,Y_glucan,t1,1.69047518
4,Y_glucan,t1,1.883300793
5,Y_glucan,t1,1.615287063
6,Y_glucan,t1,1.995024999
7,Y_glucan,t1,1.743713537
8,Y_glucan,t1,1.545368977
1,Control,t2,1.875333336
2,Control,t2,1.952087413
3,Control,t2,1.593828596
4,Control,t2,2.20825857
5,Control,t2,1.582688206
6,Control,t2,1.697730498
7,Control,t2,1.641290637
8,Control,t2,1.97272109
1,Y_glucan,t2,2.00392775
2,Y_glucan,t2,1.596377144
3,Y_glucan,t2,1.661836339
4,Y_glucan,t2,1.961273931
5,Y_glucan,t2,2.321284556
6,Y_glucan,t2,2.143459802
7,Y_glucan,t2,2.568262169
8,Y_glucan,t2,2.37144378
1,Control,t3,1.658345341
2,Control,t3,2.211857095
3,Control,t3,2.105121701
4,Control,t3,2.960095781
5,Control,t3,1.976748778
6,Control,t3,2.69605044
7,Control,t3,1.793999801
8,Control,t3,2.862690591
1,Y_glucan,t3,1.538297185
2,Y_glucan,t3,2.010802243
3,Y_glucan,t3,1.978125713
4,Y_glucan,t3,1.111800007
5,Y_glucan,t3,2.22402259
6,Y_glucan,t3,1.999811041
7,Y_glucan,t3,2.22402259
8,Y_glucan,t3,1.999811041
