id,group,time,score
1,Control,t1,1.905833643
2,Control,t1,1.984646559
3,Control,t1,1.562560498
4,Control,t1,1.652057687
5,Control,t1,1.398313341
6,Control,t1,1.963296608
7,Control,t1,1.799750523
8,Control,t1,1.963296608
1,Y_glucan,t1,1.475424195
2,Y_glucan,t1,1.356914581
3,Y_glucan,t1,1.689326621
4,Y_glucan,t1,1.567937546
5,Y_glucan,t1,1.571580737
6,Y_glucan,t1,1.910304168
7,Y_glucan,t1,1.684198823
8,Y_glucan,t1,2.103735323
1,Control,t2,2.086706772
2,Control,t2,2.21794563
3,Control,t2,1.709905669
4,Control,t2,1.854655159
5,Control,t2,1.564429327
6,Control,t2,1.837960711
7,Control,t2,1.664345765
8,Control,t2,1.913747644
1,Y_glucan,t2,1.930085184
2,Y_glucan,t2,1.83209358
3,Y_glucan,t2,1.766966517
4,Y_glucan,t2,1.816188253
5,Y_glucan,t2,2.109502615
6,Y_glucan,t2,1.98865927
7,Y_glucan,t2,1.899825972
8,Y_glucan,t2,1.984772519
1,Control,t3,1.725940203
2,Control,t3,1.821677259
3,Control,t3,1.826032668
4,Control,t3,2.446473478
5,Control,t3,1.809216183
6,Control,t3,2.222695666
7,Control,t3,1.811004956
8,Control,t3,2.13667777
1,Y_glucan,t3,1.419071398
2,Y_glucan,t3,1.456343255
3,Y_glucan,t3,2.095383829
4,Y_glucan,t3,1.649952753
5,Y_glucan,t3,1.833032305
6,Y_glucan,t3,2.184111985
7,Y_glucan,t3,1.833032305
8,Y_glucan,t3,2.184111985
