id,group,time,score
1,Control,t1,2.231793152
2,Control,t1,2.308154468
3,Control,t1,1.919859642
4,Control,t1,1.719405873
5,Control,t1,1.538165134
6,Control,t1,1.911125635
7,Control,t1,1.921520007
8,Control,t1,1.911125635
1,Y_glucan,t1,1.083269644
2,Y_glucan,t1,0.831421817
3,Y_glucan,t1,0.968296115
4,Y_glucan,t1,1.234441351
5,Y_glucan,t1,1.571825249
6,Y_glucan,t1,2.076108626
7,Y_glucan,t1,1.20217488
8,Y_glucan,t1,1.298798513
1,Control,t2,1.858124964
2,Control,t2,1.692207781
3,Control,t2,1.560976088
4,Control,t2,1.712123348
5,Control,t2,1.449162013
6,Control,t2,1.235679919
7,Control,t2,1.176221528
8,Control,t2,1.98755008
1,Y_glucan,t2,1.778534708
2,Y_glucan,t2,1.463982525
3,Y_glucan,t2,1.45458573
4,Y_glucan,t2,1.603820739
5,Y_glucan,t2,1.915246776
6,Y_glucan,t2,2.112985178
7,Y_glucan,t2,2.641485017
8,Y_glucan,t2,2.518786933
1,Control,t3,1.579097327
2,Control,t3,2.196546463
3,Control,t3,1.956830897
4,Control,t3,2.913625264
5,Control,t3,2.010906019
6,Control,t3,2.557474117
7,Control,t3,1.808673389
8,Control,t3,2.929395422
1,Y_glucan,t3,1.303735889
2,Y_glucan,t3,1.938852323
3,Y_glucan,t3,1.866183923
4,Y_glucan,t3,0.909743185
5,Y_glucan,t3,1.8514143
6,Y_glucan,t3,1.884412994
7,Y_glucan,t3,1.8514143
8,Y_glucan,t3,1.884412994
