id,group,time,score
1,Control,t1,2.070394396
2,Control,t1,2.038445296
3,Control,t1,1.698674584
4,Control,t1,1.823734988
5,Control,t1,1.42430982
6,Control,t1,1.959141603
7,Control,t1,1.852269505
8,Control,t1,1.959141603
1,Y_glucan,t1,1.482187314
2,Y_glucan,t1,1.393118735
3,Y_glucan,t1,1.742009881
4,Y_glucan,t1,1.658211794
5,Y_glucan,t1,1.603631462
6,Y_glucan,t1,1.902878217
7,Y_glucan,t1,1.717254313
8,Y_glucan,t1,2.183674048
1,Control,t2,2.229782919
2,Control,t2,2.333514781
3,Control,t2,1.835547897
4,Control,t2,1.984110821
5,Control,t2,1.81792548
6,Control,t2,1.932790745
7,Control,t2,1.675076857
8,Control,t2,1.897695803
1,Y_glucan,t2,2.106634488
2,Y_glucan,t2,1.881407484
3,Y_glucan,t2,1.891339499
4,Y_glucan,t2,2.025137851
5,Y_glucan,t2,2.135255127
6,Y_glucan,t2,2.010668781
7,Y_glucan,t2,1.92750638
8,Y_glucan,t2,2.031121533
1,Control,t3,1.778104199
2,Control,t3,1.716437421
3,Control,t3,1.828408526
4,Control,t3,2.519559593
5,Control,t3,1.910378911
6,Control,t3,2.356212353
7,Control,t3,1.958774052
8,Control,t3,2.140478188
1,Y_glucan,t3,1.556145644
2,Y_glucan,t3,1.692732384
3,Y_glucan,t3,2.189156112
4,Y_glucan,t3,1.68645751
5,Y_glucan,t3,1.906192229
6,Y_glucan,t3,2.216027276
7,Y_glucan,t3,1.906192229
8,Y_glucan,t3,2.216027276
